NPS Public Use Statistics Query Builder,,,,,,,,,,,
Bookmark this report: https://irma.nps.gov/Stats/SSRSReports/National%20Reports/Query%20Builder%20for%20Public%20Use%20Statistics%20(1979%20-%20Last%20Calendar%20Year),,,,,,,,,,,
,,,,,,,,,,,
Park,Unit Code,Park Type,Region,State,Year,Month,Recreation Visits,Recreation Hours,Tent Campers,RV Campers,Backcountry Campers
Acadia NP,ACAD,National Park,Northeast ,ME,2019,1,"8,532","56,311",0,0,0
Acadia NP,ACAD,National Park,Northeast ,ME,2019,2,"9,154","60,414",0,0,0
Acadia NP,ACAD,National Park,Northeast ,ME,2019,3,"20,161","133,064",0,0,0
Acadia NP,ACAD,National Park,Northeast ,ME,2019,4,"68,046","394,023",0,0,0
Acadia NP,ACAD,National Park,Northeast ,ME,2019,5,"226,156","1,670,692","10,416","3,327",0
Acadia NP,ACAD,National Park,Northeast ,ME,2019,6,"490,720","3,731,975","23,721","10,383",263
Acadia NP,ACAD,National Park,Northeast ,ME,2019,7,"756,439","5,049,909","36,135","11,853",357
Acadia NP,ACAD,National Park,Northeast ,ME,2019,8,"759,735","5,159,613","39,093","11,637",396
Acadia NP,ACAD,National Park,Northeast ,ME,2019,9,"603,273","3,807,421","22,425","15,174",185
Acadia NP,ACAD,National Park,Northeast ,ME,2019,10,"436,194","2,778,987","9,195","5,322",83
Acadia NP,ACAD,National Park,Northeast ,ME,2019,11,"46,011","276,064",0,0,0
Acadia NP,ACAD,National Park,Northeast ,ME,2019,12,"12,865","77,191",0,0,0
Arches NP,ARCH,National Park,Intermountain ,UT,2019,1,"21,499","66,975",48,55,0
Arches NP,ARCH,National Park,Intermountain ,UT,2019,2,"30,239","90,766",0,0,2
Arches NP,ARCH,National Park,Intermountain ,UT,2019,3,"132,191","432,543",578,451,64
Arches NP,ARCH,National Park,Intermountain ,UT,2019,4,"168,788","610,290","1,612","2,130",46
Arches NP,ARCH,National Park,Intermountain ,UT,2019,5,"217,474","763,628","1,720","2,271",64
Arches NP,ARCH,National Park,Intermountain ,UT,2019,6,"225,206","792,881","2,754","1,828",59
Arches NP,ARCH,National Park,Intermountain ,UT,2019,7,"208,993","753,288","2,916","1,855",23
Arches NP,ARCH,National Park,Intermountain ,UT,2019,8,"184,890","652,632","2,025","1,704",47
Arches NP,ARCH,National Park,Intermountain ,UT,2019,9,"207,857","729,850","2,128","1,650",28
Arches NP,ARCH,National Park,Intermountain ,UT,2019,10,"149,764","589,552","2,340","2,371",45
Arches NP,ARCH,National Park,Intermountain ,UT,2019,11,"73,420","297,890","1,121","1,745",25
Arches NP,ARCH,National Park,Intermountain ,UT,2019,12,"39,381","132,524",281,230,2
Badlands NP,BADL,National Park,Midwest ,SD,2019,1,"8,981","35,049",0,0,2
Badlands NP,BADL,National Park,Midwest ,SD,2019,2,"8,059","31,431",0,0,0
Badlands NP,BADL,National Park,Midwest ,SD,2019,3,"16,517","64,646",7,2,2
Badlands NP,BADL,National Park,Midwest ,SD,2019,4,"25,083","102,577",56,12,66
Badlands NP,BADL,National Park,Midwest ,SD,2019,5,"71,885","314,923",277,77,408
Badlands NP,BADL,National Park,Midwest ,SD,2019,6,"201,516","869,840",755,166,580
Badlands NP,BADL,National Park,Midwest ,SD,2019,7,"250,898","1,086,274",868,221,510
Badlands NP,BADL,National Park,Midwest ,SD,2019,8,"207,743","905,202","1,014",181,456
Badlands NP,BADL,National Park,Midwest ,SD,2019,9,"118,262","516,805",398,196,328
Badlands NP,BADL,National Park,Midwest ,SD,2019,10,"37,727","170,714",107,67,129
Badlands NP,BADL,National Park,Midwest ,SD,2019,11,"15,450","60,555",5,7,5
Badlands NP,BADL,National Park,Midwest ,SD,2019,12,"8,877","34,777",3,1,7
Big Bend NP,BIBE,National Park,Intermountain ,TX,2019,1,"29,318","524,564",159,403,422
Big Bend NP,BIBE,National Park,Intermountain ,TX,2019,2,"43,129","1,042,717","4,304","5,172","2,587"
Big Bend NP,BIBE,National Park,Intermountain ,TX,2019,3,"83,826","1,860,025","9,319","6,184","5,987"
Big Bend NP,BIBE,National Park,Intermountain ,TX,2019,4,"49,312","1,217,304","8,628","4,572","2,317"
Big Bend NP,BIBE,National Park,Intermountain ,TX,2019,5,"37,411","807,515","4,672",874,"1,136"
Big Bend NP,BIBE,National Park,Intermountain ,TX,2019,6,"21,228","492,072","3,302",347,324
Big Bend NP,BIBE,National Park,Intermountain ,TX,2019,7,"21,747","443,126","2,645",239,345
Big Bend NP,BIBE,National Park,Intermountain ,TX,2019,8,"17,238","360,858","2,414",316,325
Big Bend NP,BIBE,National Park,Intermountain ,TX,2019,9,"21,246","455,016","2,464",539,631
Big Bend NP,BIBE,National Park,Intermountain ,TX,2019,10,"42,724","835,444","2,038","1,031","1,986"
Big Bend NP,BIBE,National Park,Intermountain ,TX,2019,11,"50,688","1,285,708","7,936","4,265","3,980"
Big Bend NP,BIBE,National Park,Intermountain ,TX,2019,12,"45,965","1,172,004","6,521","4,903","3,280"
Biscayne NP,BISC,National Park,Southeast ,FL,2019,1,"50,873","152,883",4,0,0
Biscayne NP,BISC,National Park,Southeast ,FL,2019,2,"59,754","183,702",46,0,0
Biscayne NP,BISC,National Park,Southeast ,FL,2019,3,"76,685","248,032",100,0,0
Biscayne NP,BISC,National Park,Southeast ,FL,2019,4,"64,172","216,227",25,0,0
Biscayne NP,BISC,National Park,Southeast ,FL,2019,5,"79,779","243,656",0,0,0
Biscayne NP,BISC,National Park,Southeast ,FL,2019,6,"65,173","199,840",0,0,0
Biscayne NP,BISC,National Park,Southeast ,FL,2019,7,"60,239","185,038",0,0,0
Biscayne NP,BISC,National Park,Southeast ,FL,2019,8,"46,191","142,892",0,0,0
Biscayne NP,BISC,National Park,Southeast ,FL,2019,9,"46,723","144,490",0,0,0
Biscayne NP,BISC,National Park,Southeast ,FL,2019,10,"38,582","120,860",33,0,0
Biscayne NP,BISC,National Park,Southeast ,FL,2019,11,"59,948","184,643",20,0,0
Biscayne NP,BISC,National Park,Southeast ,FL,2019,12,"60,403","182,912",10,0,0
Black Canyon of the Gunnison NP,BLCA,National Park,Intermountain ,CO,2019,1,"4,921","8,886",3,0,0
Black Canyon of the Gunnison NP,BLCA,National Park,Intermountain ,CO,2019,2,"6,369","17,066",11,0,2
Black Canyon of the Gunnison NP,BLCA,National Park,Intermountain ,CO,2019,3,"12,180","26,934",64,20,0
Black Canyon of the Gunnison NP,BLCA,National Park,Intermountain ,CO,2019,4,"25,077","59,350",140,394,68
Black Canyon of the Gunnison NP,BLCA,National Park,Intermountain ,CO,2019,5,"75,198","409,684","2,780","1,836",244
Black Canyon of the Gunnison NP,BLCA,National Park,Intermountain ,CO,2019,6,"75,289","435,444","3,550","2,502",576
Black Canyon of the Gunnison NP,BLCA,National Park,Intermountain ,CO,2019,7,"51,368","342,640","3,585","2,127",441
Black Canyon of the Gunnison NP,BLCA,National Park,Intermountain ,CO,2019,8,"80,046","430,953","3,526","2,004",267
Black Canyon of the Gunnison NP,BLCA,National Park,Intermountain ,CO,2019,9,"48,420","267,642","1,659","1,666",164
Black Canyon of the Gunnison NP,BLCA,National Park,Intermountain ,CO,2019,10,"25,828","127,525","2,037","1,397",93
Black Canyon of the Gunnison NP,BLCA,National Park,Intermountain ,CO,2019,11,"22,684","54,417",427,269,6
Black Canyon of the Gunnison NP,BLCA,National Park,Intermountain ,CO,2019,12,"5,438","13,962",14,58,0
Bryce Canyon NP,BRCA,National Park,Intermountain ,UT,2019,1,"36,860","115,682",86,103,0
Bryce Canyon NP,BRCA,National Park,Intermountain ,UT,2019,2,"29,813","92,779",77,62,0
Bryce Canyon NP,BRCA,National Park,Intermountain ,UT,2019,3,"75,853","292,648",473,415,0
Bryce Canyon NP,BRCA,National Park,Intermountain ,UT,2019,4,"207,061","812,717","1,188","1,522",14
Bryce Canyon NP,BRCA,National Park,Intermountain ,UT,2019,5,"327,975","1,291,154","3,110","2,782",150
Bryce Canyon NP,BRCA,National Park,Intermountain ,UT,2019,6,"398,290","2,182,385","5,109","3,681",577
Bryce Canyon NP,BRCA,National Park,Intermountain ,UT,2019,7,"401,970","2,239,525","5,664","3,435",156
Bryce Canyon NP,BRCA,National Park,Intermountain ,UT,2019,8,"383,458","2,149,237","5,652","3,450",186
Bryce Canyon NP,BRCA,National Park,Intermountain ,UT,2019,9,"392,428","2,113,367","4,662","4,245",184
Bryce Canyon NP,BRCA,National Park,Intermountain ,UT,2019,10,"232,094","974,735","2,959","2,926",97
Bryce Canyon NP,BRCA,National Park,Intermountain ,UT,2019,11,"65,748","279,035",826,866,24
Bryce Canyon NP,BRCA,National Park,Intermountain ,UT,2019,12,"43,354","162,419",274,166,6
Canyonlands NP,CANY,National Park,Intermountain ,UT,2019,1,"7,146","32,962",36,79,115
Canyonlands NP,CANY,National Park,Intermountain ,UT,2019,2,"9,705","54,836",122,168,432
Canyonlands NP,CANY,National Park,Intermountain ,UT,2019,3,"60,792","463,726",770,580,"7,892"
Canyonlands NP,CANY,National Park,Intermountain ,UT,2019,4,"89,861","699,615","1,254","1,226","11,896"
Canyonlands NP,CANY,National Park,Intermountain ,UT,2019,5,"114,464","835,383","1,336","1,168","13,517"
Canyonlands NP,CANY,National Park,Intermountain ,UT,2019,6,"92,295","634,536","1,574",834,"8,754"
Canyonlands NP,CANY,National Park,Intermountain ,UT,2019,7,"64,672","393,501",616,218,"4,840"
Canyonlands NP,CANY,National Park,Intermountain ,UT,2019,8,"69,297","417,164",448,232,"5,415"
Canyonlands NP,CANY,National Park,Intermountain ,UT,2019,9,"97,817","671,003","1,257","1,201","9,614"
Canyonlands NP,CANY,National Park,Intermountain ,UT,2019,10,"82,642","646,098","1,117","1,392","11,086"
Canyonlands NP,CANY,National Park,Intermountain ,UT,2019,11,"31,582","235,236",526,557,"3,674"
Canyonlands NP,CANY,National Park,Intermountain ,UT,2019,12,"13,723","68,689",79,130,460
Capitol Reef NP,CARE,National Park,Intermountain ,UT,2019,1,"11,893","10,874",90,39,0
Capitol Reef NP,CARE,National Park,Intermountain ,UT,2019,2,"12,368","16,182",75,61,8
Capitol Reef NP,CARE,National Park,Intermountain ,UT,2019,3,"73,416","139,285","2,228","1,564",950
Capitol Reef NP,CARE,National Park,Intermountain ,UT,2019,4,"147,156","228,145","2,322","3,693",807
Capitol Reef NP,CARE,National Park,Intermountain ,UT,2019,5,"196,840","285,081","3,295","3,849",956
Capitol Reef NP,CARE,National Park,Intermountain ,UT,2019,6,"151,410","234,180","3,783","2,576",373
Capitol Reef NP,CARE,National Park,Intermountain ,UT,2019,7,"129,372","197,947","3,986","2,050",74
Capitol Reef NP,CARE,National Park,Intermountain ,UT,2019,8,"127,341","210,714","3,713","2,318",100
Capitol Reef NP,CARE,National Park,Intermountain ,UT,2019,9,"170,057","260,043","3,067","3,106",263
Capitol Reef NP,CARE,National Park,Intermountain ,UT,2019,10,"146,664","246,983","2,527","4,233",377
Capitol Reef NP,CARE,National Park,Intermountain ,UT,2019,11,"42,859","54,869",487,419,79
Capitol Reef NP,CARE,National Park,Intermountain ,UT,2019,12,"17,143","25,269",92,85,23
Carlsbad Caverns NP,CAVE,National Park,Intermountain ,NM,2019,1,"3,093","11,566",0,0,0
Carlsbad Caverns NP,CAVE,National Park,Intermountain ,NM,2019,2,"19,470","71,394",0,0,9
Carlsbad Caverns NP,CAVE,National Park,Intermountain ,NM,2019,3,"56,581","207,078",0,0,32
Carlsbad Caverns NP,CAVE,National Park,Intermountain ,NM,2019,4,"37,543","138,050",0,0,22
Carlsbad Caverns NP,CAVE,National Park,Intermountain ,NM,2019,5,"41,516","157,214",0,0,36
Carlsbad Caverns NP,CAVE,National Park,Intermountain ,NM,2019,6,"57,111","225,075",0,0,16
Carlsbad Caverns NP,CAVE,National Park,Intermountain ,NM,2019,7,"69,444","273,505",0,0,16
Carlsbad Caverns NP,CAVE,National Park,Intermountain ,NM,2019,8,"36,354","145,974",0,0,13
Carlsbad Caverns NP,CAVE,National Park,Intermountain ,NM,2019,9,"28,455","112,720",0,0,10
Carlsbad Caverns NP,CAVE,National Park,Intermountain ,NM,2019,10,"33,014","131,961",0,0,29
Carlsbad Caverns NP,CAVE,National Park,Intermountain ,NM,2019,11,"27,519","101,601",0,0,35
Carlsbad Caverns NP,CAVE,National Park,Intermountain ,NM,2019,12,"30,591","111,768",0,0,7
Channel Islands NP,CHIS,National Park,Pacific West ,CA,2019,1,"9,193","146,626",0,0,691
Channel Islands NP,CHIS,National Park,Pacific West ,CA,2019,2,"22,263","229,853",0,0,722
Channel Islands NP,CHIS,National Park,Pacific West ,CA,2019,3,"34,951","404,187",0,0,"2,270"
Channel Islands NP,CHIS,National Park,Pacific West ,CA,2019,4,"39,218","484,974",0,0,"2,724"
Channel Islands NP,CHIS,National Park,Pacific West ,CA,2019,5,"39,070","504,262",0,0,"1,962"
Channel Islands NP,CHIS,National Park,Pacific West ,CA,2019,6,"44,915","609,130",0,0,"2,484"
Channel Islands NP,CHIS,National Park,Pacific West ,CA,2019,7,"47,581","564,097",0,0,"3,019"
Channel Islands NP,CHIS,National Park,Pacific West ,CA,2019,8,"49,793","743,094",0,0,"3,506"
Channel Islands NP,CHIS,National Park,Pacific West ,CA,2019,9,"38,681","542,859",0,0,"2,791"
Channel Islands NP,CHIS,National Park,Pacific West ,CA,2019,10,"36,691","583,282",0,0,"1,528"
Channel Islands NP,CHIS,National Park,Pacific West ,CA,2019,11,"25,212","333,865",0,0,"1,066"
Channel Islands NP,CHIS,National Park,Pacific West ,CA,2019,12,"22,062","265,216",0,0,648
Congaree NP,CONG,National Park,Southeast ,SC,2019,1,"7,000","23,181",0,0,0
Congaree NP,CONG,National Park,Southeast ,SC,2019,2,"10,910","43,009",0,0,41
Congaree NP,CONG,National Park,Southeast ,SC,2019,3,"17,121","87,342",0,0,254
Congaree NP,CONG,National Park,Southeast ,SC,2019,4,"15,408","69,785",0,0,39
Congaree NP,CONG,National Park,Southeast ,SC,2019,5,"28,786","117,679",0,0,90
Congaree NP,CONG,National Park,Southeast ,SC,2019,6,"13,282","51,126",0,0,18
Congaree NP,CONG,National Park,Southeast ,SC,2019,7,"10,936","42,187",0,0,20
Congaree NP,CONG,National Park,Southeast ,SC,2019,8,"11,028","43,083",0,0,24
Congaree NP,CONG,National Park,Southeast ,SC,2019,9,"8,312","32,235",0,0,53
Congaree NP,CONG,National Park,Southeast ,SC,2019,10,"13,902","63,287",0,0,141
Congaree NP,CONG,National Park,Southeast ,SC,2019,11,"11,765","56,876",0,0,141
Congaree NP,CONG,National Park,Southeast ,SC,2019,12,"10,995","41,166",0,0,60
Crater Lake NP,CRLA,National Park,Pacific West ,OR,2019,1,"3,120","12,920",0,0,100
Crater Lake NP,CRLA,National Park,Pacific West ,OR,2019,2,"2,436","9,927",0,0,70
Crater Lake NP,CRLA,National Park,Pacific West ,OR,2019,3,"4,800","22,080",0,0,264
Crater Lake NP,CRLA,National Park,Pacific West ,OR,2019,4,"15,898","59,422",0,0,189
Crater Lake NP,CRLA,National Park,Pacific West ,OR,2019,5,"44,808","173,020",0,0,128
Crater Lake NP,CRLA,National Park,Pacific West ,OR,2019,6,"103,442","522,672",0,0,130
Crater Lake NP,CRLA,National Park,Pacific West ,OR,2019,7,"201,191","906,149","1,330",0,472
Crater Lake NP,CRLA,National Park,Pacific West ,OR,2019,8,"163,472","830,283","1,678",0,595
Crater Lake NP,CRLA,National Park,Pacific West ,OR,2019,9,"98,266","583,916","1,178",0,288
Crater Lake NP,CRLA,National Park,Pacific West ,OR,2019,10,"41,635","199,777",508,0,72
Crater Lake NP,CRLA,National Park,Pacific West ,OR,2019,11,"16,843","60,071",0,0,56
Crater Lake NP,CRLA,National Park,Pacific West ,OR,2019,12,"8,601","31,545",0,0,72
Cuyahoga Valley NP,CUVA,National Park,Midwest ,OH,2019,1,"88,020","176,578",0,0,0
Cuyahoga Valley NP,CUVA,National Park,Midwest ,OH,2019,2,"82,061","177,552",0,0,0
Cuyahoga Valley NP,CUVA,National Park,Midwest ,OH,2019,3,"126,521","340,830",0,0,0
Cuyahoga Valley NP,CUVA,National Park,Midwest ,OH,2019,4,"177,318","374,442",0,0,0
Cuyahoga Valley NP,CUVA,National Park,Midwest ,OH,2019,5,"225,949","1,033,518",0,0,0
Cuyahoga Valley NP,CUVA,National Park,Midwest ,OH,2019,6,"284,079","761,263",0,0,0
Cuyahoga Valley NP,CUVA,National Park,Midwest ,OH,2019,7,"284,928","721,077",0,0,0
Cuyahoga Valley NP,CUVA,National Park,Midwest ,OH,2019,8,"285,616","799,618",0,0,0
Cuyahoga Valley NP,CUVA,National Park,Midwest ,OH,2019,9,"226,681","721,417",0,0,0
Cuyahoga Valley NP,CUVA,National Park,Midwest ,OH,2019,10,"203,708","664,442",0,0,0
Cuyahoga Valley NP,CUVA,National Park,Midwest ,OH,2019,11,"142,329","422,817",0,0,0
Cuyahoga Valley NP,CUVA,National Park,Midwest ,OH,2019,12,"110,787","361,681",0,0,0
Death Valley NP,DEVA,National Park,Pacific West ,CA,2019,1,"111,954","672,161","1,600","1,139",221
Death Valley NP,DEVA,National Park,Pacific West ,CA,2019,2,"112,925","950,506","9,334","15,843",221
Death Valley NP,DEVA,National Park,Pacific West ,CA,2019,3,"178,553","1,466,075","14,403","22,518",539
Death Valley NP,DEVA,National Park,Pacific West ,CA,2019,4,"177,696","1,256,574","9,786","10,189",211
Death Valley NP,DEVA,National Park,Pacific West ,CA,2019,5,"155,378","979,581","3,472","4,384",97
Death Valley NP,DEVA,National Park,Pacific West ,CA,2019,6,"122,013","721,570","1,398",934,23
Death Valley NP,DEVA,National Park,Pacific West ,CA,2019,7,"142,487","832,577",788,371,2
Death Valley NP,DEVA,National Park,Pacific West ,CA,2019,8,"165,632","966,464",899,205,4
Death Valley NP,DEVA,National Park,Pacific West ,CA,2019,9,"168,894","1,003,190","2,181","1,485",135
Death Valley NP,DEVA,National Park,Pacific West ,CA,2019,10,"138,152","981,019","6,334","9,376",105
Death Valley NP,DEVA,National Park,Pacific West ,CA,2019,11,"132,013","1,156,605","14,223","19,098",267
Death Valley NP,DEVA,National Park,Pacific West ,CA,2019,12,"135,248","1,038,994","10,093","12,032",90
Denali NP & PRES,DENA,National Park,Alaska,AK,2019,1,96,"1,060",0,0,0
Denali NP & PRES,DENA,National Park,Alaska,AK,2019,2,"2,603","31,818",0,0,121
Denali NP & PRES,DENA,National Park,Alaska,AK,2019,3,"4,613","67,194",0,0,328
Denali NP & PRES,DENA,National Park,Alaska,AK,2019,4,"3,686","102,522",0,0,"2,295"
Denali NP & PRES,DENA,National Park,Alaska,AK,2019,5,"53,995","671,174",0,0,"6,700"
Denali NP & PRES,DENA,National Park,Alaska,AK,2019,6,"144,156","1,712,836",0,0,"9,688"
Denali NP & PRES,DENA,National Park,Alaska,AK,2019,7,"168,078","1,787,019",0,0,"3,881"
Denali NP & PRES,DENA,National Park,Alaska,AK,2019,8,"154,044","1,540,678",0,0,"2,295"
Denali NP & PRES,DENA,National Park,Alaska,AK,2019,9,"61,504","625,864",0,0,867
Denali NP & PRES,DENA,National Park,Alaska,AK,2019,10,"3,863","42,286",0,0,28
Denali NP & PRES,DENA,National Park,Alaska,AK,2019,11,"1,799","20,870",0,0,4
Denali NP & PRES,DENA,National Park,Alaska,AK,2019,12,"2,715","31,378",0,0,4
Dry Tortugas NP,DRTO,National Park,Southeast ,FL,2019,1,"6,179","50,836",878,0,0
Dry Tortugas NP,DRTO,National Park,Southeast ,FL,2019,2,"6,937","49,360",208,0,0
Dry Tortugas NP,DRTO,National Park,Southeast ,FL,2019,3,"7,417","56,015",668,0,0
Dry Tortugas NP,DRTO,National Park,Southeast ,FL,2019,4,"7,720","58,769",528,0,0
Dry Tortugas NP,DRTO,National Park,Southeast ,FL,2019,5,"8,124","62,047",710,0,0
Dry Tortugas NP,DRTO,National Park,Southeast ,FL,2019,6,"8,041","68,629","1,052",0,0
Dry Tortugas NP,DRTO,National Park,Southeast ,FL,2019,7,"7,692","58,939",766,0,0
Dry Tortugas NP,DRTO,National Park,Southeast ,FL,2019,8,"6,658","50,925",352,0,0
Dry Tortugas NP,DRTO,National Park,Southeast ,FL,2019,9,"4,694","37,669",304,0,0
Dry Tortugas NP,DRTO,National Park,Southeast ,FL,2019,10,"4,432","32,946",320,0,0
Dry Tortugas NP,DRTO,National Park,Southeast ,FL,2019,11,"5,336","39,919",412,0,0
Dry Tortugas NP,DRTO,National Park,Southeast ,FL,2019,12,"5,970","47,144",588,0,0
Everglades NP,EVER,National Park,Southeast ,FL,2019,1,"85,838","419,893",0,0,"1,528"
Everglades NP,EVER,National Park,Southeast ,FL,2019,2,"96,953","578,028",0,0,"2,647"
Everglades NP,EVER,National Park,Southeast ,FL,2019,3,"146,859","741,355",0,0,"2,572"
Everglades NP,EVER,National Park,Southeast ,FL,2019,4,"131,278","525,910",0,0,"1,332"
Everglades NP,EVER,National Park,Southeast ,FL,2019,5,"77,435","263,187",0,0,246
Everglades NP,EVER,National Park,Southeast ,FL,2019,6,"68,267","237,173",0,0,106
Everglades NP,EVER,National Park,Southeast ,FL,2019,7,"63,394","182,603",0,0,166
Everglades NP,EVER,National Park,Southeast ,FL,2019,8,"80,177","271,755",0,0,46
Everglades NP,EVER,National Park,Southeast ,FL,2019,9,"60,469","220,042",0,0,69
Everglades NP,EVER,National Park,Southeast ,FL,2019,10,"70,222","263,284",0,0,273
Everglades NP,EVER,National Park,Southeast ,FL,2019,11,"103,643","521,346",0,0,"1,565"
Everglades NP,EVER,National Park,Southeast ,FL,2019,12,"133,765","738,812",0,0,"2,182"
Gates of the Arctic NP & PRES,GAAR,National Park,Alaska,AK,2019,1,0,0,0,0,0
Gates of the Arctic NP & PRES,GAAR,National Park,Alaska,AK,2019,2,0,0,0,0,0
Gates of the Arctic NP & PRES,GAAR,National Park,Alaska,AK,2019,3,74,37,0,0,0
Gates of the Arctic NP & PRES,GAAR,National Park,Alaska,AK,2019,4,91,46,0,0,0
Gates of the Arctic NP & PRES,GAAR,National Park,Alaska,AK,2019,5,454,227,0,0,0
Gates of the Arctic NP & PRES,GAAR,National Park,Alaska,AK,2019,6,647,"14,222",0,0,581
Gates of the Arctic NP & PRES,GAAR,National Park,Alaska,AK,2019,7,"2,852","33,098",0,0,"1,324"
Gates of the Arctic NP & PRES,GAAR,National Park,Alaska,AK,2019,8,"5,399","49,508",0,0,"1,955"
Gates of the Arctic NP & PRES,GAAR,National Park,Alaska,AK,2019,9,966,"5,210",0,0,198
Gates of the Arctic NP & PRES,GAAR,National Park,Alaska,AK,2019,10,35,18,0,0,0
Gates of the Arctic NP & PRES,GAAR,National Park,Alaska,AK,2019,11,0,0,0,0,0
Gates of the Arctic NP & PRES,GAAR,National Park,Alaska,AK,2019,12,0,0,0,0,0
Gateway Arch NP,JEFF,National Park,Midwest ,MO,2019,1,"18,962","75,846",0,0,0
Gateway Arch NP,JEFF,National Park,Midwest ,MO,2019,2,"51,416","205,662",0,0,0
Gateway Arch NP,JEFF,National Park,Midwest ,MO,2019,3,"164,238","656,950",0,0,0
Gateway Arch NP,JEFF,National Park,Midwest ,MO,2019,4,"138,309","553,236",0,0,0
Gateway Arch NP,JEFF,National Park,Midwest ,MO,2019,5,"165,964","663,856",0,0,0
Gateway Arch NP,JEFF,National Park,Midwest ,MO,2019,6,"296,149","1,184,596",0,0,0
Gateway Arch NP,JEFF,National Park,Midwest ,MO,2019,7,"583,866","2,335,463",0,0,0
Gateway Arch NP,JEFF,National Park,Midwest ,MO,2019,8,"208,999","835,996",0,0,0
Gateway Arch NP,JEFF,National Park,Midwest ,MO,2019,9,"127,764","511,057",0,0,0
Gateway Arch NP,JEFF,National Park,Midwest ,MO,2019,10,"122,770","491,082",0,0,0
Gateway Arch NP,JEFF,National Park,Midwest ,MO,2019,11,"91,836","367,345",0,0,0
Gateway Arch NP,JEFF,National Park,Midwest ,MO,2019,12,"85,036","340,144",0,0,0
Glacier Bay NP & PRES,GLBA,National Park,Alaska,AK,2019,1,173,"2,796",0,0,22
Glacier Bay NP & PRES,GLBA,National Park,Alaska,AK,2019,2,173,"2,796",0,0,22
Glacier Bay NP & PRES,GLBA,National Park,Alaska,AK,2019,3,195,"2,840",0,0,22
Glacier Bay NP & PRES,GLBA,National Park,Alaska,AK,2019,4,"3,642","46,762",0,0,86
Glacier Bay NP & PRES,GLBA,National Park,Alaska,AK,2019,5,"121,332","1,501,320",32,0,605
Glacier Bay NP & PRES,GLBA,National Park,Alaska,AK,2019,6,"132,054","1,728,122",210,0,"1,128"
Glacier Bay NP & PRES,GLBA,National Park,Alaska,AK,2019,7,"152,932","2,014,204",238,0,914
Glacier Bay NP & PRES,GLBA,National Park,Alaska,AK,2019,8,"145,002","1,852,194",252,0,"1,088"
Glacier Bay NP & PRES,GLBA,National Park,Alaska,AK,2019,9,"111,922","1,355,724",12,0,235
Glacier Bay NP & PRES,GLBA,National Park,Alaska,AK,2019,10,"4,319","52,610",0,0,40
Glacier Bay NP & PRES,GLBA,National Park,Alaska,AK,2019,11,172,"2,696",0,0,27
Glacier Bay NP & PRES,GLBA,National Park,Alaska,AK,2019,12,171,"2,556",0,0,22
Glacier NP,GLAC,National Park,Intermountain ,MT,2019,1,"13,581","55,260",10,42,0
Glacier NP,GLAC,National Park,Intermountain ,MT,2019,2,"11,240","45,320",5,3,12
Glacier NP,GLAC,National Park,Intermountain ,MT,2019,3,"23,989","99,484",60,63,73
Glacier NP,GLAC,National Park,Intermountain ,MT,2019,4,"35,491","148,074",118,165,57
Glacier NP,GLAC,National Park,Intermountain ,MT,2019,5,"167,403","878,332","3,554","5,193",287
Glacier NP,GLAC,National Park,Intermountain ,MT,2019,6,"544,088","6,512,353","22,128","25,629","3,506"
Glacier NP,GLAC,National Park,Intermountain ,MT,2019,7,"879,711","10,597,640","39,884","37,662","10,400"
Glacier NP,GLAC,National Park,Intermountain ,MT,2019,8,"771,874","9,527,073","39,815","34,143","13,622"
Glacier NP,GLAC,National Park,Intermountain ,MT,2019,9,"488,909","5,637,005","12,282","22,272","6,658"
Glacier NP,GLAC,National Park,Intermountain ,MT,2019,10,"78,408","336,824",302,873,113
Glacier NP,GLAC,National Park,Intermountain ,MT,2019,11,"20,008","81,157",18,33,12
Glacier NP,GLAC,National Park,Intermountain ,MT,2019,12,"15,137","61,359",5,21,19
Grand Canyon NP,GRCA,National Park,Intermountain ,AZ,2019,1,"225,056","3,492,634","1,046",490,"8,692"
Grand Canyon NP,GRCA,National Park,Intermountain ,AZ,2019,2,"213,050","3,342,527",891,418,"9,905"
Grand Canyon NP,GRCA,National Park,Intermountain ,AZ,2019,3,"451,228","6,986,240","8,099","3,638","25,430"
Grand Canyon NP,GRCA,National Park,Intermountain ,AZ,2019,4,"562,265","8,717,349","11,487","6,160","36,876"
Grand Canyon NP,GRCA,National Park,Intermountain ,AZ,2019,5,"618,598","9,800,864","15,435","8,587","46,402"
Grand Canyon NP,GRCA,National Park,Intermountain ,AZ,2019,6,"643,821","10,106,742","17,335","9,692","39,717"
Grand Canyon NP,GRCA,National Park,Intermountain ,AZ,2019,7,"756,860","11,989,163","15,900","8,058","34,594"
Grand Canyon NP,GRCA,National Park,Intermountain ,AZ,2019,8,"700,896","11,156,992","15,139","7,978","31,280"
Grand Canyon NP,GRCA,National Park,Intermountain ,AZ,2019,9,"578,852","9,177,468","15,074","8,753","34,998"
Grand Canyon NP,GRCA,National Park,Intermountain ,AZ,2019,10,"551,558","8,685,326","14,215","7,404","29,266"
Grand Canyon NP,GRCA,National Park,Intermountain ,AZ,2019,11,"347,847","5,461,722","3,972","1,710","18,600"
Grand Canyon NP,GRCA,National Park,Intermountain ,AZ,2019,12,"324,380","5,078,106","1,615",677,"4,272"
Grand Teton NP,GRTE,National Park,Intermountain ,WY,2019,1,"56,635","174,098",0,0,0
Grand Teton NP,GRTE,National Park,Intermountain ,WY,2019,2,"43,913","138,155",0,0,46
Grand Teton NP,GRTE,National Park,Intermountain ,WY,2019,3,"65,864","198,351",0,0,0
Grand Teton NP,GRTE,National Park,Intermountain ,WY,2019,4,"59,105","179,286",0,0,101
Grand Teton NP,GRTE,National Park,Intermountain ,WY,2019,5,"278,529","1,477,269",0,0,744
Grand Teton NP,GRTE,National Park,Intermountain ,WY,2019,6,"625,441","4,116,419",0,0,"3,703"
Grand Teton NP,GRTE,National Park,Intermountain ,WY,2019,7,"775,788","5,361,103",0,0,"11,697"
Grand Teton NP,GRTE,National Park,Intermountain ,WY,2019,8,"702,022","4,957,419",0,0,"14,885"
Grand Teton NP,GRTE,National Park,Intermountain ,WY,2019,9,"517,265","3,578,654",0,0,"4,837"
Grand Teton NP,GRTE,National Park,Intermountain ,WY,2019,10,"186,487","736,016",0,0,255
Grand Teton NP,GRTE,National Park,Intermountain ,WY,2019,11,"48,132","144,845",0,0,23
Grand Teton NP,GRTE,National Park,Intermountain ,WY,2019,12,"46,433","141,190",0,0,1
Great Basin NP,GRBA,National Park,Pacific West ,NV,2019,1,689,"1,838",0,18,0
Great Basin NP,GRBA,National Park,Pacific West ,NV,2019,2,"1,060","5,265",0,105,0
Great Basin NP,GRBA,National Park,Pacific West ,NV,2019,3,"2,391","15,446",0,326,3
Great Basin NP,GRBA,National Park,Pacific West ,NV,2019,4,"6,100","38,072",70,770,2
Great Basin NP,GRBA,National Park,Pacific West ,NV,2019,5,"11,516","65,164",140,"1,225",6
Great Basin NP,GRBA,National Park,Pacific West ,NV,2019,6,"23,246","188,296","1,050","4,200",9
Great Basin NP,GRBA,National Park,Pacific West ,NV,2019,7,"23,290","361,684","8,750","3,500",7
Great Basin NP,GRBA,National Park,Pacific West ,NV,2019,8,"24,674","271,992","6,475","2,100",13
Great Basin NP,GRBA,National Park,Pacific West ,NV,2019,9,"22,735","210,650","3,000","3,395",3
Great Basin NP,GRBA,National Park,Pacific West ,NV,2019,10,"11,772","100,666","1,082","1,834",0
Great Basin NP,GRBA,National Park,Pacific West ,NV,2019,11,"3,330","18,987",122,308,5
Great Basin NP,GRBA,National Park,Pacific West ,NV,2019,12,999,"4,691",46,32,0
Great Sand Dunes NP & PRES,GRSA,National Park,Intermountain ,CO,2019,1,"4,404","8,835",0,0,2
Great Sand Dunes NP & PRES,GRSA,National Park,Intermountain ,CO,2019,2,"5,154","10,487",0,0,15
Great Sand Dunes NP & PRES,GRSA,National Park,Intermountain ,CO,2019,3,"19,541","41,801",0,0,202
Great Sand Dunes NP & PRES,GRSA,National Park,Intermountain ,CO,2019,4,"25,183","116,321","1,970","1,884",304
Great Sand Dunes NP & PRES,GRSA,National Park,Intermountain ,CO,2019,5,"68,473","431,309","4,333","3,901",847
Great Sand Dunes NP & PRES,GRSA,National Park,Intermountain ,CO,2019,6,"122,086","577,481","5,072","3,432","1,378"
Great Sand Dunes NP & PRES,GRSA,National Park,Intermountain ,CO,2019,7,"103,293","496,618","5,643","3,043",699
Great Sand Dunes NP & PRES,GRSA,National Park,Intermountain ,CO,2019,8,"81,085","473,547","5,834","2,960",715
Great Sand Dunes NP & PRES,GRSA,National Park,Intermountain ,CO,2019,9,"52,946","390,775","4,501","4,023",479
Great Sand Dunes NP & PRES,GRSA,National Park,Intermountain ,CO,2019,10,"32,180","141,686","2,023","2,624",236
Great Sand Dunes NP & PRES,GRSA,National Park,Intermountain ,CO,2019,11,"8,606","17,710",0,0,38
Great Sand Dunes NP & PRES,GRSA,National Park,Intermountain ,CO,2019,12,"4,595","9,438",0,0,18
Great Smoky Mountains NP,GRSM,National Park,Southeast ,TN,2019,1,"496,743","3,372,888",520,236,"1,231"
Great Smoky Mountains NP,GRSM,National Park,Southeast ,TN,2019,2,"421,770","2,871,238",463,358,"1,290"
Great Smoky Mountains NP,GRSM,National Park,Southeast ,TN,2019,3,"786,305","5,595,660","4,930","2,399","10,161"
Great Smoky Mountains NP,GRSM,National Park,Southeast ,TN,2019,4,"999,259","7,129,070","4,603","3,440","14,067"
Great Smoky Mountains NP,GRSM,National Park,Southeast ,TN,2019,5,"1,096,056","8,127,384","15,098","10,428","14,686"
Great Smoky Mountains NP,GRSM,National Park,Southeast ,TN,2019,6,"1,469,857","11,174,096","35,106","21,358","11,496"
Great Smoky Mountains NP,GRSM,National Park,Southeast ,TN,2019,7,"1,613,133","11,997,590","29,404","21,608","8,909"
Great Smoky Mountains NP,GRSM,National Park,Southeast ,TN,2019,8,"1,411,231","10,307,784","21,335","14,312","7,143"
Great Smoky Mountains NP,GRSM,National Park,Southeast ,TN,2019,9,"1,273,326","9,285,625","17,417","14,141","7,141"
Great Smoky Mountains NP,GRSM,National Park,Southeast ,TN,2019,10,"1,408,013","10,532,098","24,066","22,158","10,970"
Great Smoky Mountains NP,GRSM,National Park,Southeast ,TN,2019,11,"851,419","5,907,295","1,493","2,512","5,598"
Great Smoky Mountains NP,GRSM,National Park,Southeast ,TN,2019,12,"720,631","4,902,855",974,590,"1,877"
Guadalupe Mountains NP,GUMO,National Park,Intermountain ,TX,2019,1,"1,049","3,351",40,97,2
Guadalupe Mountains NP,GUMO,National Park,Intermountain ,TX,2019,2,"9,462","27,174",576,748,145
Guadalupe Mountains NP,GUMO,National Park,Intermountain ,TX,2019,3,"27,831","58,329","1,451",825,411
Guadalupe Mountains NP,GUMO,National Park,Intermountain ,TX,2019,4,"20,970","49,942","1,247",757,390
Guadalupe Mountains NP,GUMO,National Park,Intermountain ,TX,2019,5,"25,204","62,374","1,215",706,410
Guadalupe Mountains NP,GUMO,National Park,Intermountain ,TX,2019,6,"14,376","33,966",996,456,188
Guadalupe Mountains NP,GUMO,National Park,Intermountain ,TX,2019,7,"13,540","28,321",900,190,171
Guadalupe Mountains NP,GUMO,National Park,Intermountain ,TX,2019,8,"10,532","24,150",826,154,168
Guadalupe Mountains NP,GUMO,National Park,Intermountain ,TX,2019,9,"12,157","20,944",468,316,156
Guadalupe Mountains NP,GUMO,National Park,Intermountain ,TX,2019,10,"23,513","55,737","1,219",759,344
Guadalupe Mountains NP,GUMO,National Park,Intermountain ,TX,2019,11,"15,161","47,761","1,053",848,291
Guadalupe Mountains NP,GUMO,National Park,Intermountain ,TX,2019,12,"15,038","29,143",630,527,162
Haleakala NP,HALE,National Park,Pacific West ,HI,2019,1,"53,523","110,287",121,0,0
Haleakala NP,HALE,National Park,Pacific West ,HI,2019,2,"83,666","186,725",669,0,0
Haleakala NP,HALE,National Park,Pacific West ,HI,2019,3,"93,074","213,220",721,0,141
Haleakala NP,HALE,National Park,Pacific West ,HI,2019,4,"87,763","199,454",784,0,209
Haleakala NP,HALE,National Park,Pacific West ,HI,2019,5,"85,159","196,261",798,0,1
Haleakala NP,HALE,National Park,Pacific West ,HI,2019,6,"85,338","195,156","1,018",0,0
Haleakala NP,HALE,National Park,Pacific West ,HI,2019,7,"86,267","205,078","1,040",0,305
Haleakala NP,HALE,National Park,Pacific West ,HI,2019,8,"84,618","201,371",783,0,166
Haleakala NP,HALE,National Park,Pacific West ,HI,2019,9,"98,856","219,888",715,0,206
Haleakala NP,HALE,National Park,Pacific West ,HI,2019,10,"73,204","166,784",697,0,146
Haleakala NP,HALE,National Park,Pacific West ,HI,2019,11,"72,075","177,941",856,0,196
Haleakala NP,HALE,National Park,Pacific West ,HI,2019,12,"90,851","216,909",869,0,246
Hawaii Volcanoes NP,HAVO,National Park,Pacific West ,HI,2019,1,"128,836","773,434",6,0,14
Hawaii Volcanoes NP,HAVO,National Park,Pacific West ,HI,2019,2,"120,931","718,902",21,3,206
Hawaii Volcanoes NP,HAVO,National Park,Pacific West ,HI,2019,3,"113,452","722,564",95,4,406
Hawaii Volcanoes NP,HAVO,National Park,Pacific West ,HI,2019,4,"103,247","588,632",103,2,209
Hawaii Volcanoes NP,HAVO,National Park,Pacific West ,HI,2019,5,"102,792","638,342",34,1,382
Hawaii Volcanoes NP,HAVO,National Park,Pacific West ,HI,2019,6,"113,015","726,808",85,4,348
Hawaii Volcanoes NP,HAVO,National Park,Pacific West ,HI,2019,7,"133,249","862,872",104,0,376
Hawaii Volcanoes NP,HAVO,National Park,Pacific West ,HI,2019,8,"125,357","764,296",75,0,323
Hawaii Volcanoes NP,HAVO,National Park,Pacific West ,HI,2019,9,"92,720","598,718",123,3,313
Hawaii Volcanoes NP,HAVO,National Park,Pacific West ,HI,2019,10,"96,054","608,224",115,6,308
Hawaii Volcanoes NP,HAVO,National Park,Pacific West ,HI,2019,11,"107,457","671,074",115,6,410
Hawaii Volcanoes NP,HAVO,National Park,Pacific West ,HI,2019,12,"131,266","818,036",215,12,363
Hot Springs NP,HOSP,National Park,Midwest ,AR,2019,1,"73,964","44,922",0,250,0
Hot Springs NP,HOSP,National Park,Midwest ,AR,2019,2,"79,322","57,014",70,823,0
Hot Springs NP,HOSP,National Park,Midwest ,AR,2019,3,"125,290","119,632",100,"2,353",0
Hot Springs NP,HOSP,National Park,Midwest ,AR,2019,4,"113,397","123,896",233,"2,743",0
Hot Springs NP,HOSP,National Park,Midwest ,AR,2019,5,"136,514","140,821",128,"2,989",0
Hot Springs NP,HOSP,National Park,Midwest ,AR,2019,6,"149,049","132,670",100,"2,179",0
Hot Springs NP,HOSP,National Park,Midwest ,AR,2019,7,"139,005","146,991",389,"2,376",0
Hot Springs NP,HOSP,National Park,Midwest ,AR,2019,8,"181,982","158,069",170,"2,199",0
Hot Springs NP,HOSP,National Park,Midwest ,AR,2019,9,"143,915","117,440",65,"1,907",0
Hot Springs NP,HOSP,National Park,Midwest ,AR,2019,10,"137,861","124,480",34,"2,247",0
Hot Springs NP,HOSP,National Park,Midwest ,AR,2019,11,"108,534","106,925",92,"2,359",0
Hot Springs NP,HOSP,National Park,Midwest ,AR,2019,12,"78,320","80,119",74,"1,826",0
Indiana Dunes NP,INDU,National Park,Midwest ,IN,2019,1,"69,916","139,832",0,0,0
Indiana Dunes NP,INDU,National Park,Midwest ,IN,2019,2,"85,702","171,404",0,0,0
Indiana Dunes NP,INDU,National Park,Midwest ,IN,2019,3,"219,070","438,139",0,0,0
Indiana Dunes NP,INDU,National Park,Midwest ,IN,2019,4,"107,862","231,069",567,285,0
Indiana Dunes NP,INDU,National Park,Midwest ,IN,2019,5,"142,403","323,028","1,361",763,0
Indiana Dunes NP,INDU,National Park,Midwest ,IN,2019,6,"302,203","991,647","3,618","1,107",0
Indiana Dunes NP,INDU,National Park,Midwest ,IN,2019,7,"449,968","1,434,943","3,618","1,107",0
Indiana Dunes NP,INDU,National Park,Midwest ,IN,2019,8,"290,469","956,445","3,618","1,107",0
Indiana Dunes NP,INDU,National Park,Midwest ,IN,2019,9,"206,226","469,591","2,213",961,0
Indiana Dunes NP,INDU,National Park,Midwest ,IN,2019,10,"105,984","256,218","1,321","1,138",0
Indiana Dunes NP,INDU,National Park,Midwest ,IN,2019,11,"79,674","159,347",0,0,0
Indiana Dunes NP,INDU,National Park,Midwest ,IN,2019,12,"74,808","149,616",0,0,0
Isle Royale NP,ISRO,National Park,Midwest ,MI,2019,1,4,4,0,0,0
Isle Royale NP,ISRO,National Park,Midwest ,MI,2019,2,37,37,0,0,0
Isle Royale NP,ISRO,National Park,Midwest ,MI,2019,3,55,55,0,0,0
Isle Royale NP,ISRO,National Park,Midwest ,MI,2019,4,61,61,0,0,0
Isle Royale NP,ISRO,National Park,Midwest ,MI,2019,5,"1,055","67,752",474,0,"2,034"
Isle Royale NP,ISRO,National Park,Midwest ,MI,2019,6,"4,837","256,458",771,0,"4,891"
Isle Royale NP,ISRO,National Park,Midwest ,MI,2019,7,"7,714","371,732","1,090",0,"6,359"
Isle Royale NP,ISRO,National Park,Midwest ,MI,2019,8,"8,798","460,024","1,778",0,"9,140"
Isle Royale NP,ISRO,National Park,Midwest ,MI,2019,9,"3,342","177,453",762,0,"4,436"
Isle Royale NP,ISRO,National Park,Midwest ,MI,2019,10,402,"1,967",27,0,39
Isle Royale NP,ISRO,National Park,Midwest ,MI,2019,11,47,47,0,0,0
Isle Royale NP,ISRO,National Park,Midwest ,MI,2019,12,58,58,0,0,0
Joshua Tree NP,JOTR,National Park,Pacific West ,CA,2019,1,"195,993","1,509,359","21,540","8,565","1,510"
Joshua Tree NP,JOTR,National Park,Pacific West ,CA,2019,2,"261,230","1,615,691","20,520","9,492","2,200"
Joshua Tree NP,JOTR,National Park,Pacific West ,CA,2019,3,"469,183","2,692,134","35,852","11,838","4,000"
Joshua Tree NP,JOTR,National Park,Pacific West ,CA,2019,4,"374,789","2,291,825","33,988","10,455","2,879"
Joshua Tree NP,JOTR,National Park,Pacific West ,CA,2019,5,"250,928","1,441,061","20,252","6,501","1,599"
Joshua Tree NP,JOTR,National Park,Pacific West ,CA,2019,6,"187,551","897,025","9,032","1,728",284
Joshua Tree NP,JOTR,National Park,Pacific West ,CA,2019,7,"138,967","550,134","3,856",909,125
Joshua Tree NP,JOTR,National Park,Pacific West ,CA,2019,8,"120,911","600,415","5,452","1,356",208
Joshua Tree NP,JOTR,National Park,Pacific West ,CA,2019,9,"160,294","866,549","11,588","2,808",282
Joshua Tree NP,JOTR,National Park,Pacific West ,CA,2019,10,"233,995","1,447,907","22,324","5,670","1,531"
Joshua Tree NP,JOTR,National Park,Pacific West ,CA,2019,11,"291,230","1,887,499","25,176","9,933","2,506"
Joshua Tree NP,JOTR,National Park,Pacific West ,CA,2019,12,"303,476","1,690,251","22,720","8,937","1,060"
Katmai NP & PRES,KATM,National Park,Alaska,AK,2019,1,100,0,0,0,0
Katmai NP & PRES,KATM,National Park,Alaska,AK,2019,2,100,0,0,0,0
Katmai NP & PRES,KATM,National Park,Alaska,AK,2019,3,100,0,0,0,0
Katmai NP & PRES,KATM,National Park,Alaska,AK,2019,4,100,0,0,0,0
Katmai NP & PRES,KATM,National Park,Alaska,AK,2019,5,100,"1,608",0,0,67
Katmai NP & PRES,KATM,National Park,Alaska,AK,2019,6,"9,690","48,335",417,0,118
Katmai NP & PRES,KATM,National Park,Alaska,AK,2019,7,"37,318","119,409","1,595",0,60
Katmai NP & PRES,KATM,National Park,Alaska,AK,2019,8,"23,772","58,261",525,0,154
Katmai NP & PRES,KATM,National Park,Alaska,AK,2019,9,"12,587","28,580",0,0,59
Katmai NP & PRES,KATM,National Park,Alaska,AK,2019,10,100,552,23,0,0
Katmai NP & PRES,KATM,National Park,Alaska,AK,2019,11,100,0,0,0,0
Katmai NP & PRES,KATM,National Park,Alaska,AK,2019,12,100,0,0,0,0
Kenai Fjords NP,KEFJ,National Park,Alaska,AK,2019,1,21,408,0,0,18
Kenai Fjords NP,KEFJ,National Park,Alaska,AK,2019,2,37,394,0,0,16
Kenai Fjords NP,KEFJ,National Park,Alaska,AK,2019,3,40,"1,031",0,0,46
Kenai Fjords NP,KEFJ,National Park,Alaska,AK,2019,4,21,42,0,0,0
Kenai Fjords NP,KEFJ,National Park,Alaska,AK,2019,5,"28,944","106,066",28,0,27
Kenai Fjords NP,KEFJ,National Park,Alaska,AK,2019,6,"91,280","316,373",356,0,106
Kenai Fjords NP,KEFJ,National Park,Alaska,AK,2019,7,"120,632","419,939",364,0,145
Kenai Fjords NP,KEFJ,National Park,Alaska,AK,2019,8,"78,129","209,762",318,0,154
Kenai Fjords NP,KEFJ,National Park,Alaska,AK,2019,9,"33,346","112,566",10,0,2
Kenai Fjords NP,KEFJ,National Park,Alaska,AK,2019,10,"4,121","8,242",0,0,0
Kenai Fjords NP,KEFJ,National Park,Alaska,AK,2019,11,7,398,0,0,18
Kenai Fjords NP,KEFJ,National Park,Alaska,AK,2019,12,23,753,0,0,34
Kings Canyon NP,KICA,National Park,Pacific West ,CA,2019,1,"20,295","97,415",83,108,0
Kings Canyon NP,KICA,National Park,Pacific West ,CA,2019,2,"9,227","44,288",0,6,0
Kings Canyon NP,KICA,National Park,Pacific West ,CA,2019,3,"22,067","105,922",296,340,0
Kings Canyon NP,KICA,National Park,Pacific West ,CA,2019,4,"41,156","1,498,071",19,45,6
Kings Canyon NP,KICA,National Park,Pacific West ,CA,2019,5,"57,345","2,087,354","3,679","2,169",914
Kings Canyon NP,KICA,National Park,Pacific West ,CA,2019,6,"90,612","3,343,588","14,081","5,040","2,213"
Kings Canyon NP,KICA,National Park,Pacific West ,CA,2019,7,"102,440","3,780,029","35,263","7,979","2,938"
Kings Canyon NP,KICA,National Park,Pacific West ,CA,2019,8,"113,009","4,113,520","33,094","6,287","5,490"
Kings Canyon NP,KICA,National Park,Pacific West ,CA,2019,9,"81,206","2,955,885","10,399","5,250","3,340"
Kings Canyon NP,KICA,National Park,Pacific West ,CA,2019,10,"55,118","2,006,286","5,161","4,442",689
Kings Canyon NP,KICA,National Park,Pacific West ,CA,2019,11,"25,439","925,993","1,390",824,58
Kings Canyon NP,KICA,National Park,Pacific West ,CA,2019,12,"14,196","68,142",178,99,2
Kobuk Valley NP,KOVA,National Park,Alaska,AK,2019,1,"1,098","4,365",0,0,450
Kobuk Valley NP,KOVA,National Park,Alaska,AK,2019,2,695,"2,645",0,0,400
Kobuk Valley NP,KOVA,National Park,Alaska,AK,2019,3,764,"2,864",0,0,425
Kobuk Valley NP,KOVA,National Park,Alaska,AK,2019,4,808,"2,908",0,0,425
Kobuk Valley NP,KOVA,National Park,Alaska,AK,2019,5,778,"2,728",0,0,425
Kobuk Valley NP,KOVA,National Park,Alaska,AK,2019,6,"1,398","5,223",0,0,575
Kobuk Valley NP,KOVA,National Park,Alaska,AK,2019,7,"1,750","6,271",0,0,725
Kobuk Valley NP,KOVA,National Park,Alaska,AK,2019,8,"1,770","6,393",0,0,750
Kobuk Valley NP,KOVA,National Park,Alaska,AK,2019,9,"1,538","5,750",0,0,750
Kobuk Valley NP,KOVA,National Park,Alaska,AK,2019,10,"1,987","7,627",0,0,750
Kobuk Valley NP,KOVA,National Park,Alaska,AK,2019,11,"1,569","6,069",0,0,700
Kobuk Valley NP,KOVA,National Park,Alaska,AK,2019,12,"1,611","5,946",0,0,675
Lake Clark NP & PRES,LACL,National Park,Alaska,AK,2019,1,0,0,0,0,0
Lake Clark NP & PRES,LACL,National Park,Alaska,AK,2019,2,0,0,0,0,0
Lake Clark NP & PRES,LACL,National Park,Alaska,AK,2019,3,0,0,0,0,0
Lake Clark NP & PRES,LACL,National Park,Alaska,AK,2019,4,0,0,0,0,0
Lake Clark NP & PRES,LACL,National Park,Alaska,AK,2019,5,367,734,0,0,0
Lake Clark NP & PRES,LACL,National Park,Alaska,AK,2019,6,"3,751","10,318",0,0,128
Lake Clark NP & PRES,LACL,National Park,Alaska,AK,2019,7,"5,114","16,586",0,0,289
Lake Clark NP & PRES,LACL,National Park,Alaska,AK,2019,8,"5,580","16,616",0,0,248
Lake Clark NP & PRES,LACL,National Park,Alaska,AK,2019,9,"2,345","5,152",0,0,21
Lake Clark NP & PRES,LACL,National Park,Alaska,AK,2019,10,0,0,0,0,0
Lake Clark NP & PRES,LACL,National Park,Alaska,AK,2019,11,0,0,0,0,0
Lake Clark NP & PRES,LACL,National Park,Alaska,AK,2019,12,0,0,0,0,0
Lassen Volcanic NP,LAVO,National Park,Pacific West ,CA,2019,1,"8,646","52,149",3,3,7
Lassen Volcanic NP,LAVO,National Park,Pacific West ,CA,2019,2,"6,561","39,849",6,15,2
Lassen Volcanic NP,LAVO,National Park,Pacific West ,CA,2019,3,"7,944","50,205",0,0,121
Lassen Volcanic NP,LAVO,National Park,Pacific West ,CA,2019,4,"12,477","77,655",27,48,58
Lassen Volcanic NP,LAVO,National Park,Pacific West ,CA,2019,5,"25,170","184,116",768,501,39
Lassen Volcanic NP,LAVO,National Park,Pacific West ,CA,2019,6,"63,803","808,929","8,736","5,238",791
Lassen Volcanic NP,LAVO,National Park,Pacific West ,CA,2019,7,"105,535","1,358,697","17,697","9,111","2,276"
Lassen Volcanic NP,LAVO,National Park,Pacific West ,CA,2019,8,"98,109","1,263,489","17,976","7,383","2,383"
Lassen Volcanic NP,LAVO,National Park,Pacific West ,CA,2019,9,"75,502","873,708","9,456","5,937",647
Lassen Volcanic NP,LAVO,National Park,Pacific West ,CA,2019,10,"88,428","616,290","1,824","1,341",285
Lassen Volcanic NP,LAVO,National Park,Pacific West ,CA,2019,11,"12,879","91,848",363,270,61
Lassen Volcanic NP,LAVO,National Park,Pacific West ,CA,2019,12,"11,985","73,674",0,69,15
Mammoth Cave NP,MACA,National Park,Southeast ,KY,2019,1,"3,651","22,664",0,0,3
Mammoth Cave NP,MACA,National Park,Southeast ,KY,2019,2,"10,346","60,828",38,0,44
Mammoth Cave NP,MACA,National Park,Southeast ,KY,2019,3,"45,779","303,221","1,463",727,187
Mammoth Cave NP,MACA,National Park,Southeast ,KY,2019,4,"55,210","442,722","2,901","1,302",292
Mammoth Cave NP,MACA,National Park,Southeast ,KY,2019,5,"53,461","478,485","5,361","1,757",482
Mammoth Cave NP,MACA,National Park,Southeast ,KY,2019,6,"76,995","638,613","6,606","1,344",286
Mammoth Cave NP,MACA,National Park,Southeast ,KY,2019,7,"102,436","781,473","6,826","1,190",430
Mammoth Cave NP,MACA,National Park,Southeast ,KY,2019,8,"72,400","600,792","6,028","1,500",421
Mammoth Cave NP,MACA,National Park,Southeast ,KY,2019,9,"43,525","352,300","2,719",748,660
Mammoth Cave NP,MACA,National Park,Southeast ,KY,2019,10,"48,713","430,796","4,003","1,685",218
Mammoth Cave NP,MACA,National Park,Southeast ,KY,2019,11,"22,247","169,648",699,488,101
Mammoth Cave NP,MACA,National Park,Southeast ,KY,2019,12,"16,827","99,512",51,0,58
Mesa Verde NP,MEVE,National Park,Intermountain ,CO,2019,1,95,428,0,0,0
Mesa Verde NP,MEVE,National Park,Intermountain ,CO,2019,2,"3,414","15,361",0,0,0
Mesa Verde NP,MEVE,National Park,Intermountain ,CO,2019,3,"14,992","67,462",0,0,0
Mesa Verde NP,MEVE,National Park,Intermountain ,CO,2019,4,"32,428","216,226",798,"1,825",0
Mesa Verde NP,MEVE,National Park,Intermountain ,CO,2019,5,"60,665","501,555","3,422","5,918",0
Mesa Verde NP,MEVE,National Park,Intermountain ,CO,2019,6,"108,231","810,555","12,585","1,270",0
Mesa Verde NP,MEVE,National Park,Intermountain ,CO,2019,7,"113,166","793,001","6,072","5,768",0
Mesa Verde NP,MEVE,National Park,Intermountain ,CO,2019,8,"87,133","612,165","4,678","4,252",0
Mesa Verde NP,MEVE,National Park,Intermountain ,CO,2019,9,"70,865","538,959","4,678","4,252",0
Mesa Verde NP,MEVE,National Park,Intermountain ,CO,2019,10,"47,270","333,035","1,388","2,825",0
Mesa Verde NP,MEVE,National Park,Intermountain ,CO,2019,11,"10,201","45,906",0,0,0
Mesa Verde NP,MEVE,National Park,Intermountain ,CO,2019,12,"7,743","34,844",0,0,0
Mount Rainier NP,MORA,National Park,Pacific West ,WA,2019,1,"12,933","64,665",0,0,25
Mount Rainier NP,MORA,National Park,Pacific West ,WA,2019,2,"11,743","58,714",0,0,465
Mount Rainier NP,MORA,National Park,Pacific West ,WA,2019,3,"32,101","160,506",0,0,"1,010"
Mount Rainier NP,MORA,National Park,Pacific West ,WA,2019,4,"29,632","148,160",0,0,389
Mount Rainier NP,MORA,National Park,Pacific West ,WA,2019,5,"106,136","530,680","1,551",770,"1,759"
Mount Rainier NP,MORA,National Park,Pacific West ,WA,2019,6,"219,641","1,098,205","12,213","4,491","7,168"
Mount Rainier NP,MORA,National Park,Pacific West ,WA,2019,7,"365,200","7,304,010","28,974","10,131","15,597"
Mount Rainier NP,MORA,National Park,Pacific West ,WA,2019,8,"378,305","7,566,100","31,092","10,071","14,298"
Mount Rainier NP,MORA,National Park,Pacific West ,WA,2019,9,"184,166","920,832","8,672","4,340","6,395"
Mount Rainier NP,MORA,National Park,Pacific West ,WA,2019,10,"74,355","371,773",851,605,457
Mount Rainier NP,MORA,National Park,Pacific West ,WA,2019,11,"48,248","241,239",0,0,73
Mount Rainier NP,MORA,National Park,Pacific West ,WA,2019,12,"39,161","195,805",0,0,67
National Park of American Samoa,NPSA,National Park,Pacific West ,AS,2019,1,792,"1,584",0,0,0
National Park of American Samoa,NPSA,National Park,Pacific West ,AS,2019,2,"3,772","7,543",0,0,0
National Park of American Samoa,NPSA,National Park,Pacific West ,AS,2019,3,"7,152","14,304",0,0,0
National Park of American Samoa,NPSA,National Park,Pacific West ,AS,2019,4,"7,452","14,903",0,0,0
National Park of American Samoa,NPSA,National Park,Pacific West ,AS,2019,5,"7,772","15,544",0,0,0
National Park of American Samoa,NPSA,National Park,Pacific West ,AS,2019,6,"3,464","6,928",0,0,0
National Park of American Samoa,NPSA,National Park,Pacific West ,AS,2019,7,"4,059","8,118",0,0,0
National Park of American Samoa,NPSA,National Park,Pacific West ,AS,2019,8,"4,650","9,300",0,0,0
National Park of American Samoa,NPSA,National Park,Pacific West ,AS,2019,9,"3,933","7,866",0,0,0
National Park of American Samoa,NPSA,National Park,Pacific West ,AS,2019,10,"6,900","13,801",0,0,0
National Park of American Samoa,NPSA,National Park,Pacific West ,AS,2019,11,"8,456","16,911",0,0,0
National Park of American Samoa,NPSA,National Park,Pacific West ,AS,2019,12,"1,604","3,208",0,0,0
North Cascades NP,NOCA,National Park,Pacific West ,WA,2019,1,9,176,0,0,9
North Cascades NP,NOCA,National Park,Pacific West ,WA,2019,2,0,0,0,0,0
North Cascades NP,NOCA,National Park,Pacific West ,WA,2019,3,26,616,0,0,31
North Cascades NP,NOCA,National Park,Pacific West ,WA,2019,4,44,"1,562",0,0,78
North Cascades NP,NOCA,National Park,Pacific West ,WA,2019,5,"1,241","19,776",0,0,809
North Cascades NP,NOCA,National Park,Pacific West ,WA,2019,6,"4,520","82,611",0,0,"3,449"
North Cascades NP,NOCA,National Park,Pacific West ,WA,2019,7,"10,656","217,002",0,0,"9,288"
North Cascades NP,NOCA,National Park,Pacific West ,WA,2019,8,"12,576","236,979",0,0,"9,947"
North Cascades NP,NOCA,National Park,Pacific West ,WA,2019,9,"8,581","104,636",0,0,"3,590"
North Cascades NP,NOCA,National Park,Pacific West ,WA,2019,10,373,"7,657",0,0,337
North Cascades NP,NOCA,National Park,Pacific West ,WA,2019,11,101,"1,156",0,0,41
North Cascades NP,NOCA,National Park,Pacific West ,WA,2019,12,81,440,0,0,2
Olympic NP,OLYM,National Park,Pacific West ,WA,2019,1,"72,725","187,067",16,49,197
Olympic NP,OLYM,National Park,Pacific West ,WA,2019,2,"73,756","200,537",208,304,304
Olympic NP,OLYM,National Park,Pacific West ,WA,2019,3,"113,720","406,899","1,840","1,859",861
Olympic NP,OLYM,National Park,Pacific West ,WA,2019,4,"159,983","690,445","3,812","2,556","2,317"
Olympic NP,OLYM,National Park,Pacific West ,WA,2019,5,"307,426","1,559,586","11,132","12,162","8,384"
Olympic NP,OLYM,National Park,Pacific West ,WA,2019,6,"499,728","2,936,236","21,607","9,294","19,037"
Olympic NP,OLYM,National Park,Pacific West ,WA,2019,7,"517,058","3,425,867","33,713","14,746","26,305"
Olympic NP,OLYM,National Park,Pacific West ,WA,2019,8,"737,996","3,811,804","34,943","15,319","28,152"
Olympic NP,OLYM,National Park,Pacific West ,WA,2019,9,"399,907","2,383,195","21,420","12,946","8,877"
Olympic NP,OLYM,National Park,Pacific West ,WA,2019,10,"182,944","699,451","4,299","2,720","1,772"
Olympic NP,OLYM,National Park,Pacific West ,WA,2019,11,"108,204","325,484","1,065","1,237",495
Olympic NP,OLYM,National Park,Pacific West ,WA,2019,12,"72,359","272,476",514,509,163
Petrified Forest NP,PEFO,National Park,Intermountain ,AZ,2019,1,"15,341","32,513",0,0,0
Petrified Forest NP,PEFO,National Park,Intermountain ,AZ,2019,2,"21,342","52,385",0,0,7
Petrified Forest NP,PEFO,National Park,Intermountain ,AZ,2019,3,"55,187","150,944",0,0,148
Petrified Forest NP,PEFO,National Park,Intermountain ,AZ,2019,4,"56,567","155,947",0,0,201
Petrified Forest NP,PEFO,National Park,Intermountain ,AZ,2019,5,"72,802","193,431",0,0,260
Petrified Forest NP,PEFO,National Park,Intermountain ,AZ,2019,6,"95,451","247,605",0,0,225
Petrified Forest NP,PEFO,National Park,Intermountain ,AZ,2019,7,"90,546","235,648",0,0,180
Petrified Forest NP,PEFO,National Park,Intermountain ,AZ,2019,8,"62,276","160,018",0,0,107
Petrified Forest NP,PEFO,National Park,Intermountain ,AZ,2019,9,"52,525","145,947",0,0,86
Petrified Forest NP,PEFO,National Park,Intermountain ,AZ,2019,10,"57,019","155,612",0,0,141
Petrified Forest NP,PEFO,National Park,Intermountain ,AZ,2019,11,"32,092","85,172",0,0,45
Petrified Forest NP,PEFO,National Park,Intermountain ,AZ,2019,12,"32,440","85,927",0,0,51
Pinnacles NP,PINN,National Park,Pacific West ,CA,2019,1,"1,154","4,010",0,0,0
Pinnacles NP,PINN,National Park,Pacific West ,CA,2019,2,"11,735","42,095",0,0,0
Pinnacles NP,PINN,National Park,Pacific West ,CA,2019,3,"24,681","87,993",0,0,0
Pinnacles NP,PINN,National Park,Pacific West ,CA,2019,4,"16,234","58,353",0,0,0
Pinnacles NP,PINN,National Park,Pacific West ,CA,2019,5,"19,398","69,785",0,0,0
Pinnacles NP,PINN,National Park,Pacific West ,CA,2019,6,"19,061","68,166",0,0,0
Pinnacles NP,PINN,National Park,Pacific West ,CA,2019,7,"13,016","46,823",0,0,0
Pinnacles NP,PINN,National Park,Pacific West ,CA,2019,8,"16,795","59,704",0,0,0
Pinnacles NP,PINN,National Park,Pacific West ,CA,2019,9,"14,165","50,662",0,0,0
Pinnacles NP,PINN,National Park,Pacific West ,CA,2019,10,"14,084","50,339",0,0,0
Pinnacles NP,PINN,National Park,Pacific West ,CA,2019,11,"14,786","53,012",0,0,0
Pinnacles NP,PINN,National Park,Pacific West ,CA,2019,12,"12,115","43,594",0,0,0
Redwood NP,REDW,National Park,Pacific West ,CA,2019,1,"17,129","45,163",0,0,0
Redwood NP,REDW,National Park,Pacific West ,CA,2019,2,"17,768","53,060",41,0,20
Redwood NP,REDW,National Park,Pacific West ,CA,2019,3,"30,938","78,363",213,0,66
Redwood NP,REDW,National Park,Pacific West ,CA,2019,4,"33,179","97,662",121,0,118
Redwood NP,REDW,National Park,Pacific West ,CA,2019,5,"62,796","212,106",525,0,295
Redwood NP,REDW,National Park,Pacific West ,CA,2019,6,"76,137","244,207",497,0,487
Redwood NP,REDW,National Park,Pacific West ,CA,2019,7,"69,750","273,358",474,0,941
Redwood NP,REDW,National Park,Pacific West ,CA,2019,8,"55,227","222,441",416,0,667
Redwood NP,REDW,National Park,Pacific West ,CA,2019,9,"55,568","214,352",216,0,405
Redwood NP,REDW,National Park,Pacific West ,CA,2019,10,"42,048","164,604",116,0,156
Redwood NP,REDW,National Park,Pacific West ,CA,2019,11,"24,430","87,097",52,0,87
Redwood NP,REDW,National Park,Pacific West ,CA,2019,12,"19,752","70,359",50,0,34
Rocky Mountain NP,ROMO,National Park,Intermountain ,CO,2019,1,"118,152","709,329",12,12,2
Rocky Mountain NP,ROMO,National Park,Intermountain ,CO,2019,2,"99,873","604,533",144,99,0
Rocky Mountain NP,ROMO,National Park,Intermountain ,CO,2019,3,"146,414","890,469",465,150,134
Rocky Mountain NP,ROMO,National Park,Intermountain ,CO,2019,4,"160,259","997,124","1,134",918,171
Rocky Mountain NP,ROMO,National Park,Intermountain ,CO,2019,5,"280,351","1,864,409","6,570","3,735","1,068"
Rocky Mountain NP,ROMO,National Park,Intermountain ,CO,2019,6,"698,224","4,791,603","12,912","18,225","6,307"
Rocky Mountain NP,ROMO,National Park,Intermountain ,CO,2019,7,"973,992","6,830,898","34,785","12,660","13,934"
Rocky Mountain NP,ROMO,National Park,Intermountain ,CO,2019,8,"830,039","5,870,248","30,726","13,026","11,653"
Rocky Mountain NP,ROMO,National Park,Intermountain ,CO,2019,9,"752,320","5,146,674","20,634","12,162","6,706"
Rocky Mountain NP,ROMO,National Park,Intermountain ,CO,2019,10,"374,003","2,390,212","4,770","3,312","1,055"
Rocky Mountain NP,ROMO,National Park,Intermountain ,CO,2019,11,"123,376","752,382",387,270,101
Rocky Mountain NP,ROMO,National Park,Intermountain ,CO,2019,12,"113,050","687,482",252,240,82
Saguaro NP,SAGU,National Park,Intermountain ,AZ,2019,1,"48,968","50,895",0,0,66
Saguaro NP,SAGU,National Park,Intermountain ,AZ,2019,2,"149,371","156,587",0,0,209
Saguaro NP,SAGU,National Park,Intermountain ,AZ,2019,3,"186,275","207,139",0,0,719
Saguaro NP,SAGU,National Park,Intermountain ,AZ,2019,4,"117,802","127,802",0,0,447
Saguaro NP,SAGU,National Park,Intermountain ,AZ,2019,5,"75,838","77,545",0,0,164
Saguaro NP,SAGU,National Park,Intermountain ,AZ,2019,6,"49,481","49,003",0,0,26
Saguaro NP,SAGU,National Park,Intermountain ,AZ,2019,7,"48,553","47,418",0,0,19
Saguaro NP,SAGU,National Park,Intermountain ,AZ,2019,8,"51,309","51,366",0,0,16
Saguaro NP,SAGU,National Park,Intermountain ,AZ,2019,9,"44,812","44,684",0,0,45
Saguaro NP,SAGU,National Park,Intermountain ,AZ,2019,10,"64,529","67,889",0,0,128
Saguaro NP,SAGU,National Park,Intermountain ,AZ,2019,11,"87,053","92,719",0,0,212
Saguaro NP,SAGU,National Park,Intermountain ,AZ,2019,12,"96,235","103,250",0,0,134
Sequoia NP,SEQU,National Park,Pacific West ,CA,2019,1,"36,024","172,914",267,286,90
Sequoia NP,SEQU,National Park,Pacific West ,CA,2019,2,"28,737","137,938",321,398,125
Sequoia NP,SEQU,National Park,Pacific West ,CA,2019,3,"63,343","304,045","1,545",849,258
Sequoia NP,SEQU,National Park,Pacific West ,CA,2019,4,"93,054","3,387,177","3,883","1,339",902
Sequoia NP,SEQU,National Park,Pacific West ,CA,2019,5,"119,816","4,361,310","13,165",668,"1,072"
Sequoia NP,SEQU,National Park,Pacific West ,CA,2019,6,"153,882","5,678,244","16,860","5,136","3,547"
Sequoia NP,SEQU,National Park,Pacific West ,CA,2019,7,"193,633","7,145,042","35,339","11,095","6,814"
Sequoia NP,SEQU,National Park,Pacific West ,CA,2019,8,"190,139","6,921,058","33,495","24,400","12,138"
Sequoia NP,SEQU,National Park,Pacific West ,CA,2019,9,"144,639","5,264,871","20,708","17,865","3,518"
Sequoia NP,SEQU,National Park,Pacific West ,CA,2019,10,"118,187","4,302,022","5,222","5,037","1,334"
Sequoia NP,SEQU,National Park,Pacific West ,CA,2019,11,"59,502","2,165,878","1,698","1,145",42
Sequoia NP,SEQU,National Park,Pacific West ,CA,2019,12,"45,097","216,464",585,461,31
Shenandoah NP,SHEN,National Park,Northeast ,VA,2019,1,"20,245","45,964",0,0,59
Shenandoah NP,SHEN,National Park,Northeast ,VA,2019,2,"10,264","28,048",0,0,130
Shenandoah NP,SHEN,National Park,Northeast ,VA,2019,3,"38,601","155,798",786,234,"1,190"
Shenandoah NP,SHEN,National Park,Northeast ,VA,2019,4,"102,672","570,606","5,328","2,907","2,129"
Shenandoah NP,SHEN,National Park,Northeast ,VA,2019,5,"150,297","1,268,442","14,373","7,365","4,572"
Shenandoah NP,SHEN,National Park,Northeast ,VA,2019,6,"170,492","1,479,079","20,916","9,564","3,367"
Shenandoah NP,SHEN,National Park,Northeast ,VA,2019,7,"167,335","1,532,136","20,550","8,454","6,033"
Shenandoah NP,SHEN,National Park,Northeast ,VA,2019,8,"195,579","1,608,726","22,545","8,040","4,428"
Shenandoah NP,SHEN,National Park,Northeast ,VA,2019,9,"176,271","1,511,212","17,175","9,498","4,026"
Shenandoah NP,SHEN,National Park,Northeast ,VA,2019,10,"236,554","1,722,778","16,206","12,465","4,788"
Shenandoah NP,SHEN,National Park,Northeast ,VA,2019,11,"127,014","610,210","1,770","1,293","1,510"
Shenandoah NP,SHEN,National Park,Northeast ,VA,2019,12,"30,183","85,577",0,0,159
Theodore Roosevelt NP,THRO,National Park,Midwest ,ND,2019,1,"2,515","11,434",3,3,0
Theodore Roosevelt NP,THRO,National Park,Midwest ,ND,2019,2,"1,187","5,340",0,0,0
Theodore Roosevelt NP,THRO,National Park,Midwest ,ND,2019,3,"5,935","27,656",11,32,1
Theodore Roosevelt NP,THRO,National Park,Midwest ,ND,2019,4,"10,516","57,070",181,248,24
Theodore Roosevelt NP,THRO,National Park,Midwest ,ND,2019,5,"75,682","256,797","1,893","2,133",114
Theodore Roosevelt NP,THRO,National Park,Midwest ,ND,2019,6,"134,590","488,244","3,475","4,163",155
Theodore Roosevelt NP,THRO,National Park,Midwest ,ND,2019,7,"149,425","563,358","3,769","4,722",134
Theodore Roosevelt NP,THRO,National Park,Midwest ,ND,2019,8,"135,584","566,344","3,305","5,184",189
Theodore Roosevelt NP,THRO,National Park,Midwest ,ND,2019,9,"110,576","443,756","3,815","3,488",104
Theodore Roosevelt NP,THRO,National Park,Midwest ,ND,2019,10,"46,043","147,085",359,483,11
Theodore Roosevelt NP,THRO,National Park,Midwest ,ND,2019,11,"17,086","79,055",43,57,1
Theodore Roosevelt NP,THRO,National Park,Midwest ,ND,2019,12,"2,519","11,785",8,11,2
Virgin Islands NP,VIIS,National Park,Southeast ,VI,2019,1,350,"2,152",0,0,0
Virgin Islands NP,VIIS,National Park,Southeast ,VI,2019,2,"5,753","35,381",0,0,0
Virgin Islands NP,VIIS,National Park,Southeast ,VI,2019,3,"5,583","34,335",0,0,0
Virgin Islands NP,VIIS,National Park,Southeast ,VI,2019,4,"13,680","84,133",0,0,0
Virgin Islands NP,VIIS,National Park,Southeast ,VI,2019,5,"10,437","64,185",0,0,0
Virgin Islands NP,VIIS,National Park,Southeast ,VI,2019,6,"10,047","61,787",0,0,0
Virgin Islands NP,VIIS,National Park,Southeast ,VI,2019,7,"8,191","50,373",0,0,0
Virgin Islands NP,VIIS,National Park,Southeast ,VI,2019,8,"18,599","114,384",0,0,0
Virgin Islands NP,VIIS,National Park,Southeast ,VI,2019,9,"7,376","45,365",0,0,0
Virgin Islands NP,VIIS,National Park,Southeast ,VI,2019,10,"13,496","82,999",0,0,0
Virgin Islands NP,VIIS,National Park,Southeast ,VI,2019,11,"16,768","103,121",0,0,0
Virgin Islands NP,VIIS,National Park,Southeast ,VI,2019,12,"23,118","142,176",0,0,0
Voyageurs NP,VOYA,National Park,Midwest ,MN,2019,1,"4,458","16,776",0,0,16
Voyageurs NP,VOYA,National Park,Midwest ,MN,2019,2,"7,602","27,212",0,0,13
Voyageurs NP,VOYA,National Park,Midwest ,MN,2019,3,"3,214","11,059",0,0,0
Voyageurs NP,VOYA,National Park,Midwest ,MN,2019,4,213,213,0,0,44
Voyageurs NP,VOYA,National Park,Midwest ,MN,2019,5,"28,198","178,982",0,0,"4,395"
Voyageurs NP,VOYA,National Park,Midwest ,MN,2019,6,"47,387","251,775",0,0,"10,248"
Voyageurs NP,VOYA,National Park,Midwest ,MN,2019,7,"52,031","258,982",0,0,"13,170"
Voyageurs NP,VOYA,National Park,Midwest ,MN,2019,8,"50,586","241,625",0,0,"13,465"
Voyageurs NP,VOYA,National Park,Midwest ,MN,2019,9,"25,517","123,837",0,0,"3,036"
Voyageurs NP,VOYA,National Park,Midwest ,MN,2019,10,"11,047","54,624",0,0,851
Voyageurs NP,VOYA,National Park,Midwest ,MN,2019,11,"2,472","15,358",0,0,24
Voyageurs NP,VOYA,National Park,Midwest ,MN,2019,12,249,437,0,0,0
White Sands NP,WHSA,National Park,Intermountain ,NM,2019,1,"4,693","8,974",0,0,3
White Sands NP,WHSA,National Park,Intermountain ,NM,2019,2,"35,531","95,334",0,0,172
White Sands NP,WHSA,National Park,Intermountain ,NM,2019,3,"83,712","197,688",0,0,548
White Sands NP,WHSA,National Park,Intermountain ,NM,2019,4,"62,811","148,531",0,0,413
White Sands NP,WHSA,National Park,Intermountain ,NM,2019,5,"64,344","153,920",0,0,567
White Sands NP,WHSA,National Park,Intermountain ,NM,2019,6,"62,127","147,501",0,0,440
White Sands NP,WHSA,National Park,Intermountain ,NM,2019,7,"66,363","158,364",0,0,489
White Sands NP,WHSA,National Park,Intermountain ,NM,2019,8,"48,510","116,722",0,0,310
White Sands NP,WHSA,National Park,Intermountain ,NM,2019,9,"43,009","118,271",0,0,338
White Sands NP,WHSA,National Park,Intermountain ,NM,2019,10,"50,053","138,625",0,0,403
White Sands NP,WHSA,National Park,Intermountain ,NM,2019,11,"38,575","105,577",0,0,311
White Sands NP,WHSA,National Park,Intermountain ,NM,2019,12,"49,057","132,396",0,0,249
Wind Cave NP,WICA,National Park,Midwest ,SD,2019,1,"11,431","18,375",0,0,0
Wind Cave NP,WICA,National Park,Midwest ,SD,2019,2,"14,127","23,317",3,4,1
Wind Cave NP,WICA,National Park,Midwest ,SD,2019,3,"21,375","38,070",4,24,0
Wind Cave NP,WICA,National Park,Midwest ,SD,2019,4,"54,922","152,234",50,170,3
Wind Cave NP,WICA,National Park,Midwest ,SD,2019,5,"48,780","158,420",298,409,29
Wind Cave NP,WICA,National Park,Midwest ,SD,2019,6,"125,106","410,063","1,069","1,011",183
Wind Cave NP,WICA,National Park,Midwest ,SD,2019,7,"146,531","423,301",993,774,64
Wind Cave NP,WICA,National Park,Midwest ,SD,2019,8,"92,237","262,917",728,276,16
Wind Cave NP,WICA,National Park,Midwest ,SD,2019,9,"55,196","168,408",388,790,67
Wind Cave NP,WICA,National Park,Midwest ,SD,2019,10,"23,537","44,320",93,236,4
Wind Cave NP,WICA,National Park,Midwest ,SD,2019,11,"10,950","18,060",6,21,0
Wind Cave NP,WICA,National Park,Midwest ,SD,2019,12,"11,158","17,893",0,0,2
Wrangell-St. Elias NP & PRES,WRST,National Park,Alaska,AK,2019,1,25,"1,150",0,0,0
Wrangell-St. Elias NP & PRES,WRST,National Park,Alaska,AK,2019,2,95,"4,370",0,0,0
Wrangell-St. Elias NP & PRES,WRST,National Park,Alaska,AK,2019,3,230,"10,580",0,0,0
Wrangell-St. Elias NP & PRES,WRST,National Park,Alaska,AK,2019,4,520,"23,920",0,0,0
Wrangell-St. Elias NP & PRES,WRST,National Park,Alaska,AK,2019,5,"4,572","210,314",0,0,0
Wrangell-St. Elias NP & PRES,WRST,National Park,Alaska,AK,2019,6,"16,445","756,459",0,0,0
Wrangell-St. Elias NP & PRES,WRST,National Park,Alaska,AK,2019,7,"23,372","1,075,132",0,0,0
Wrangell-St. Elias NP & PRES,WRST,National Park,Alaska,AK,2019,8,"20,779","955,840",0,0,0
Wrangell-St. Elias NP & PRES,WRST,National Park,Alaska,AK,2019,9,"7,855","361,310",0,0,0
Wrangell-St. Elias NP & PRES,WRST,National Park,Alaska,AK,2019,10,530,"24,380",0,0,0
Wrangell-St. Elias NP & PRES,WRST,National Park,Alaska,AK,2019,11,60,"2,760",0,0,0
Wrangell-St. Elias NP & PRES,WRST,National Park,Alaska,AK,2019,12,35,"1,610",0,0,0
Yellowstone NP,YELL,National Park,Intermountain ,WY,2019,1,"33,896","570,106",96,198,27
Yellowstone NP,YELL,National Park,Intermountain ,WY,2019,2,"31,650","533,837",32,83,81
Yellowstone NP,YELL,National Park,Intermountain ,WY,2019,3,"28,695","358,548",182,294,115
Yellowstone NP,YELL,National Park,Intermountain ,WY,2019,4,"48,150","662,508",643,"1,517",80
Yellowstone NP,YELL,National Park,Intermountain ,WY,2019,5,"434,385","6,660,866","4,531","6,906",929
Yellowstone NP,YELL,National Park,Intermountain ,WY,2019,6,"781,853","16,176,090","13,302","14,541","4,160"
Yellowstone NP,YELL,National Park,Intermountain ,WY,2019,7,"936,062","19,420,614","27,136","16,227","12,556"
Yellowstone NP,YELL,National Park,Intermountain ,WY,2019,8,"820,006","17,363,508","22,458","17,389","13,287"
Yellowstone NP,YELL,National Park,Intermountain ,WY,2019,9,"693,118","14,724,566","10,822","18,691","6,034"
Yellowstone NP,YELL,National Park,Intermountain ,WY,2019,10,"171,339","3,275,664","1,494","3,834",905
Yellowstone NP,YELL,National Park,Intermountain ,WY,2019,11,"15,628","202,188",182,419,9
Yellowstone NP,YELL,National Park,Intermountain ,WY,2019,12,"25,506","400,924",144,195,53
Yosemite NP,YOSE,National Park,Pacific West ,CA,2019,1,"116,746","1,430,396","2,946","3,388",538
Yosemite NP,YOSE,National Park,Pacific West ,CA,2019,2,"111,665","1,079,573",488,400,635
Yosemite NP,YOSE,National Park,Pacific West ,CA,2019,3,"173,610","1,845,865","1,043","1,328","1,468"
Yosemite NP,YOSE,National Park,Pacific West ,CA,2019,4,"297,207","3,774,333","20,367","13,668","1,531"
Yosemite NP,YOSE,National Park,Pacific West ,CA,2019,5,"393,004","5,212,347","31,507","16,968","4,924"
Yosemite NP,YOSE,National Park,Pacific West ,CA,2019,6,"496,625","6,939,607","36,110","9,524","19,050"
Yosemite NP,YOSE,National Park,Pacific West ,CA,2019,7,"717,462","10,966,092","93,530","32,000","48,052"
Yosemite NP,YOSE,National Park,Pacific West ,CA,2019,8,"703,153","12,123,498","116,330","46,524","42,027"
Yosemite NP,YOSE,National Park,Pacific West ,CA,2019,9,"584,664","10,787,066","105,165","41,988","28,464"
Yosemite NP,YOSE,National Park,Pacific West ,CA,2019,10,"448,939","6,304,836","43,415","29,664","7,619"
Yosemite NP,YOSE,National Park,Pacific West ,CA,2019,11,"230,598","3,077,878","14,666","12,564","1,182"
Yosemite NP,YOSE,National Park,Pacific West ,CA,2019,12,"149,188","1,967,075","4,018","3,932",88
Zion NP,ZION,National Park,Intermountain ,UT,2019,1,"98,828","650,131","1,574","1,649",2
Zion NP,ZION,National Park,Intermountain ,UT,2019,2,"102,269","615,422","1,010",732,71
Zion NP,ZION,National Park,Intermountain ,UT,2019,3,"296,316","1,914,024","7,485","7,940","1,111"
Zion NP,ZION,National Park,Intermountain ,UT,2019,4,"372,349","2,399,305","11,081","8,453","1,919"
Zion NP,ZION,National Park,Intermountain ,UT,2019,5,"529,553","3,317,085","14,108","9,292","3,266"
Zion NP,ZION,National Park,Intermountain ,UT,2019,6,"594,896","3,772,267","16,098","9,132","2,889"
Zion NP,ZION,National Park,Intermountain ,UT,2019,7,"629,802","4,029,289","18,330","9,046","2,081"
Zion NP,ZION,National Park,Intermountain ,UT,2019,8,"535,322","3,535,992","17,568","8,042","1,721"
Zion NP,ZION,National Park,Intermountain ,UT,2019,9,"497,443","3,144,084","12,482","8,182","2,007"
Zion NP,ZION,National Park,Intermountain ,UT,2019,10,"429,604","2,736,509","11,009","8,969","2,117"
Zion NP,ZION,National Park,Intermountain ,UT,2019,11,"230,180","1,543,130","5,650","5,774",970
Zion NP,ZION,National Park,Intermountain ,UT,2019,12,"171,706","1,058,308","1,895","1,493",166
